{
  "_format": "hh-sol-cache-2",
  "files": {
    "C:\\Users\\Vhits\\OneDrive\\Desktop\\Vivek_jd_10\\ContractCompiler\\contracts\\Address.sol": {
      "lastModificationDate": 1663053618222,
      "contentHash": "b0ddd9373ece24f1b38e3853981bf598",
      "sourceName": "contracts/Address.sol",
      "solcConfig": {
        "version": "0.8.9",
        "settings": {
          "optimizer": {
            "enabled": false,
            "runs": 200
          },
          "outputSelection": {
            "*": {
              "*": [
                "abi",
                "evm.bytecode",
                "evm.deployedBytecode",
                "evm.methodIdentifiers",
                "metadata"
              ],
              "": [
                "ast"
              ]
            }
          }
        }
      },
      "imports": [],
      "versionPragmas": [
        "^0.8.1"
      ],
      "artifacts": [
        "Address"
      ]
    },
    "C:\\Users\\Vhits\\OneDrive\\Desktop\\Vivek_jd_10\\ContractCompiler\\contracts\\ERC721A.sol": {
      "lastModificationDate": 1663053618239,
      "contentHash": "e658f81e197a475ab574a416a844735d",
      "sourceName": "contracts/ERC721A.sol",
      "solcConfig": {
        "version": "0.8.9",
        "settings": {
          "optimizer": {
            "enabled": false,
            "runs": 200
          },
          "outputSelection": {
            "*": {
              "*": [
                "abi",
                "evm.bytecode",
                "evm.deployedBytecode",
                "evm.methodIdentifiers",
                "metadata"
              ],
              "": [
                "ast"
              ]
            }
          }
        }
      },
      "imports": [
        "./IERC721.sol",
        "./IERC721Receiver.sol",
        "./IERC721Metadata.sol",
        "./IERC721Enumerable.sol",
        "./Address.sol",
        "./Context.sol",
        "./Strings.sol",
        "./ERC165.sol"
      ],
      "versionPragmas": [
        "^0.8.0"
      ],
      "artifacts": [
        "ERC721A"
      ]
    },
    "C:\\Users\\Vhits\\OneDrive\\Desktop\\Vivek_jd_10\\ContractCompiler\\contracts\\IERC721.sol": {
      "lastModificationDate": 1663053618243,
      "contentHash": "1854a6711d07eb1397eb3031b0a4ca95",
      "sourceName": "contracts/IERC721.sol",
      "solcConfig": {
        "version": "0.8.9",
        "settings": {
          "optimizer": {
            "enabled": false,
            "runs": 200
          },
          "outputSelection": {
            "*": {
              "*": [
                "abi",
                "evm.bytecode",
                "evm.deployedBytecode",
                "evm.methodIdentifiers",
                "metadata"
              ],
              "": [
                "ast"
              ]
            }
          }
        }
      },
      "imports": [
        "./IERC165.sol"
      ],
      "versionPragmas": [
        "^0.8.0"
      ],
      "artifacts": [
        "IERC721"
      ]
    },
    "C:\\Users\\Vhits\\OneDrive\\Desktop\\Vivek_jd_10\\ContractCompiler\\contracts\\IERC721Receiver.sol": {
      "lastModificationDate": 1663053618249,
      "contentHash": "c87f3e6d9e4de26e7bd0307da26ba72e",
      "sourceName": "contracts/IERC721Receiver.sol",
      "solcConfig": {
        "version": "0.8.9",
        "settings": {
          "optimizer": {
            "enabled": false,
            "runs": 200
          },
          "outputSelection": {
            "*": {
              "*": [
                "abi",
                "evm.bytecode",
                "evm.deployedBytecode",
                "evm.methodIdentifiers",
                "metadata"
              ],
              "": [
                "ast"
              ]
            }
          }
        }
      },
      "imports": [],
      "versionPragmas": [
        "^0.8.0"
      ],
      "artifacts": [
        "IERC721Receiver"
      ]
    },
    "C:\\Users\\Vhits\\OneDrive\\Desktop\\Vivek_jd_10\\ContractCompiler\\contracts\\IERC721Metadata.sol": {
      "lastModificationDate": 1663053618247,
      "contentHash": "e76044f3d082bc84c01f363c77423d0f",
      "sourceName": "contracts/IERC721Metadata.sol",
      "solcConfig": {
        "version": "0.8.9",
        "settings": {
          "optimizer": {
            "enabled": false,
            "runs": 200
          },
          "outputSelection": {
            "*": {
              "*": [
                "abi",
                "evm.bytecode",
                "evm.deployedBytecode",
                "evm.methodIdentifiers",
                "metadata"
              ],
              "": [
                "ast"
              ]
            }
          }
        }
      },
      "imports": [
        "./IERC721.sol"
      ],
      "versionPragmas": [
        "^0.8.0"
      ],
      "artifacts": [
        "IERC721Metadata"
      ]
    },
    "C:\\Users\\Vhits\\OneDrive\\Desktop\\Vivek_jd_10\\ContractCompiler\\contracts\\IERC721Enumerable.sol": {
      "lastModificationDate": 1663053618244,
      "contentHash": "1517a74366392940fd88954a44cbd341",
      "sourceName": "contracts/IERC721Enumerable.sol",
      "solcConfig": {
        "version": "0.8.9",
        "settings": {
          "optimizer": {
            "enabled": false,
            "runs": 200
          },
          "outputSelection": {
            "*": {
              "*": [
                "abi",
                "evm.bytecode",
                "evm.deployedBytecode",
                "evm.methodIdentifiers",
                "metadata"
              ],
              "": [
                "ast"
              ]
            }
          }
        }
      },
      "imports": [
        "./IERC721.sol"
      ],
      "versionPragmas": [
        "^0.8.0"
      ],
      "artifacts": [
        "IERC721Enumerable"
      ]
    },
    "C:\\Users\\Vhits\\OneDrive\\Desktop\\Vivek_jd_10\\ContractCompiler\\contracts\\Context.sol": {
      "lastModificationDate": 1663053618226,
      "contentHash": "7093b039d79750162610c51cd75dfce8",
      "sourceName": "contracts/Context.sol",
      "solcConfig": {
        "version": "0.8.9",
        "settings": {
          "optimizer": {
            "enabled": false,
            "runs": 200
          },
          "outputSelection": {
            "*": {
              "*": [
                "abi",
                "evm.bytecode",
                "evm.deployedBytecode",
                "evm.methodIdentifiers",
                "metadata"
              ],
              "": [
                "ast"
              ]
            }
          }
        }
      },
      "imports": [],
      "versionPragmas": [
        "^0.8.0"
      ],
      "artifacts": [
        "Context"
      ]
    },
    "C:\\Users\\Vhits\\OneDrive\\Desktop\\Vivek_jd_10\\ContractCompiler\\contracts\\Strings.sol": {
      "lastModificationDate": 1663053618257,
      "contentHash": "801c8194b0d2efea49b9fc012977ddfe",
      "sourceName": "contracts/Strings.sol",
      "solcConfig": {
        "version": "0.8.9",
        "settings": {
          "optimizer": {
            "enabled": false,
            "runs": 200
          },
          "outputSelection": {
            "*": {
              "*": [
                "abi",
                "evm.bytecode",
                "evm.deployedBytecode",
                "evm.methodIdentifiers",
                "metadata"
              ],
              "": [
                "ast"
              ]
            }
          }
        }
      },
      "imports": [],
      "versionPragmas": [
        "^0.8.0"
      ],
      "artifacts": [
        "Strings"
      ]
    },
    "C:\\Users\\Vhits\\OneDrive\\Desktop\\Vivek_jd_10\\ContractCompiler\\contracts\\ERC165.sol": {
      "lastModificationDate": 1663053618235,
      "contentHash": "b22e42ded6127e7e97b8d97129f8da70",
      "sourceName": "contracts/ERC165.sol",
      "solcConfig": {
        "version": "0.8.9",
        "settings": {
          "optimizer": {
            "enabled": false,
            "runs": 200
          },
          "outputSelection": {
            "*": {
              "*": [
                "abi",
                "evm.bytecode",
                "evm.deployedBytecode",
                "evm.methodIdentifiers",
                "metadata"
              ],
              "": [
                "ast"
              ]
            }
          }
        }
      },
      "imports": [
        "./IERC165.sol"
      ],
      "versionPragmas": [
        "^0.8.0"
      ],
      "artifacts": [
        "ERC165"
      ]
    },
    "C:\\Users\\Vhits\\OneDrive\\Desktop\\Vivek_jd_10\\ContractCompiler\\contracts\\IERC165.sol": {
      "lastModificationDate": 1663053618242,
      "contentHash": "106cb8f499ed6364f6a9f2b13527b274",
      "sourceName": "contracts/IERC165.sol",
      "solcConfig": {
        "version": "0.8.9",
        "settings": {
          "optimizer": {
            "enabled": false,
            "runs": 200
          },
          "outputSelection": {
            "*": {
              "*": [
                "abi",
                "evm.bytecode",
                "evm.deployedBytecode",
                "evm.methodIdentifiers",
                "metadata"
              ],
              "": [
                "ast"
              ]
            }
          }
        }
      },
      "imports": [],
      "versionPragmas": [
        "^0.8.0"
      ],
      "artifacts": [
        "IERC165"
      ]
    },
    "C:\\Users\\Vhits\\OneDrive\\Desktop\\Vivek_jd_10\\ContractCompiler\\contracts\\NFTMarketPlace.sol": {
      "lastModificationDate": 1663053618254,
      "contentHash": "65d0b5cb217a514eb9b67ff73f203069",
      "sourceName": "contracts/NFTMarketPlace.sol",
      "solcConfig": {
        "version": "0.8.9",
        "settings": {
          "optimizer": {
            "enabled": false,
            "runs": 200
          },
          "outputSelection": {
            "*": {
              "*": [
                "abi",
                "evm.bytecode",
                "evm.deployedBytecode",
                "evm.methodIdentifiers",
                "metadata"
              ],
              "": [
                "ast"
              ]
            }
          }
        }
      },
      "imports": [
        "./Counters.sol",
        "./ERC721A.sol",
        "./ReentrancyGuard.sol",
        "./IERC721Receiver.sol"
      ],
      "versionPragmas": [
        "^0.8.0"
      ],
      "artifacts": [
        "NFTMarketPlace"
      ]
    },
    "C:\\Users\\Vhits\\OneDrive\\Desktop\\Vivek_jd_10\\ContractCompiler\\contracts\\Counters.sol": {
      "lastModificationDate": 1663053618233,
      "contentHash": "047d6dfb038d43ebdcb4dda73e4acaf1",
      "sourceName": "contracts/Counters.sol",
      "solcConfig": {
        "version": "0.8.9",
        "settings": {
          "optimizer": {
            "enabled": false,
            "runs": 200
          },
          "outputSelection": {
            "*": {
              "*": [
                "abi",
                "evm.bytecode",
                "evm.deployedBytecode",
                "evm.methodIdentifiers",
                "metadata"
              ],
              "": [
                "ast"
              ]
            }
          }
        }
      },
      "imports": [],
      "versionPragmas": [
        "^0.8.0"
      ],
      "artifacts": [
        "Counters"
      ]
    },
    "C:\\Users\\Vhits\\OneDrive\\Desktop\\Vivek_jd_10\\ContractCompiler\\contracts\\ReentrancyGuard.sol": {
      "lastModificationDate": 1663053618256,
      "contentHash": "06901b00ab54269ede95d08052fb4295",
      "sourceName": "contracts/ReentrancyGuard.sol",
      "solcConfig": {
        "version": "0.8.9",
        "settings": {
          "optimizer": {
            "enabled": false,
            "runs": 200
          },
          "outputSelection": {
            "*": {
              "*": [
                "abi",
                "evm.bytecode",
                "evm.deployedBytecode",
                "evm.methodIdentifiers",
                "metadata"
              ],
              "": [
                "ast"
              ]
            }
          }
        }
      },
      "imports": [],
      "versionPragmas": [
        "^0.8.0"
      ],
      "artifacts": [
        "ReentrancyGuard"
      ]
    },
    "C:\\Users\\Vhits\\OneDrive\\Desktop\\Vivek_jd_10\\ContractCompiler\\contracts\\NFTErc721a.sol": {
      "lastModificationDate": 1663053618251,
      "contentHash": "2528fced2562a1558e0633fa11fa5e5f",
      "sourceName": "contracts/NFTErc721a.sol",
      "solcConfig": {
        "version": "0.8.9",
        "settings": {
          "optimizer": {
            "enabled": false,
            "runs": 200
          },
          "outputSelection": {
            "*": {
              "*": [
                "abi",
                "evm.bytecode",
                "evm.deployedBytecode",
                "evm.methodIdentifiers",
                "metadata"
              ],
              "": [
                "ast"
              ]
            }
          }
        }
      },
      "imports": [
        "./ERC721A.sol",
        "./Ownable.sol",
        "./Counters.sol",
        "./ERC721URIStorage.sol",
        "./IERC721Receiver.sol"
      ],
      "versionPragmas": [
        "^0.8.4"
      ],
      "artifacts": [
        "NFTErc721a"
      ]
    },
    "C:\\Users\\Vhits\\OneDrive\\Desktop\\Vivek_jd_10\\ContractCompiler\\contracts\\Ownable.sol": {
      "lastModificationDate": 1663053618255,
      "contentHash": "264f95af8668e67233cc5bb28425951a",
      "sourceName": "contracts/Ownable.sol",
      "solcConfig": {
        "version": "0.8.9",
        "settings": {
          "optimizer": {
            "enabled": false,
            "runs": 200
          },
          "outputSelection": {
            "*": {
              "*": [
                "abi",
                "evm.bytecode",
                "evm.deployedBytecode",
                "evm.methodIdentifiers",
                "metadata"
              ],
              "": [
                "ast"
              ]
            }
          }
        }
      },
      "imports": [
        "./Context.sol"
      ],
      "versionPragmas": [
        "^0.8.0"
      ],
      "artifacts": [
        "Ownable"
      ]
    },
    "C:\\Users\\Vhits\\OneDrive\\Desktop\\Vivek_jd_10\\ContractCompiler\\contracts\\ERC721URIStorage.sol": {
      "lastModificationDate": 1663053618240,
      "contentHash": "d7daa0d8e90b92ee4814132e3f34bbbf",
      "sourceName": "contracts/ERC721URIStorage.sol",
      "solcConfig": {
        "version": "0.8.9",
        "settings": {
          "optimizer": {
            "enabled": false,
            "runs": 200
          },
          "outputSelection": {
            "*": {
              "*": [
                "abi",
                "evm.bytecode",
                "evm.deployedBytecode",
                "evm.methodIdentifiers",
                "metadata"
              ],
              "": [
                "ast"
              ]
            }
          }
        }
      },
      "imports": [
        "./ERC721A.sol"
      ],
      "versionPragmas": [
        "^0.8.0"
      ],
      "artifacts": [
        "ERC721URIStorage"
      ]
    },
    "C:\\Users\\Vhits\\OneDrive\\Desktop\\Vivek_jd_10\\ContractCompiler\\contracts\\ERC721.sol": {
      "lastModificationDate": 1663053618237,
      "contentHash": "4077448edb9efbaeceb2323a65a7e582",
      "sourceName": "contracts/ERC721.sol",
      "solcConfig": {
        "version": "0.8.9",
        "settings": {
          "optimizer": {
            "enabled": false,
            "runs": 200
          },
          "outputSelection": {
            "*": {
              "*": [
                "abi",
                "evm.bytecode",
                "evm.deployedBytecode",
                "evm.methodIdentifiers",
                "metadata"
              ],
              "": [
                "ast"
              ]
            }
          }
        }
      },
      "imports": [
        "./IERC721.sol",
        "./IERC721Receiver.sol",
        "./IERC721Metadata.sol",
        "./Address.sol",
        "./Context.sol",
        "./Strings.sol",
        "./ERC165.sol"
      ],
      "versionPragmas": [
        "^0.8.0"
      ],
      "artifacts": [
        "ERC721"
      ]
    }
  }
}
